scenario_id,cell_id,model,taxonomic_level,familiarity,dispute_block,genus,family,order,ioc_count,authority_min,authority_max,authority_spread,ioc_genus,ioc_family,ioc_order,p10,p50,p90,interval_width,relative_interval_width,covers_authority_span,ioc_in_interval,confidence,crps,crps_relative,mean_pinball_loss,median_abs_error,median_abs_error_relative,signed_error_relative,latency_ms
corvus_corvidae_genus,corvus_corvidae,gpt-4o-mini-demo,genus,well_known,disputed,Corvus,Corvidae,Passeriformes,50.0,41,50,9,50,138,6758,45.00000000000001,55.00000000000001,65.0,19.999999999999993,0.39999999999999986,False,True,0.85,1.5000000000000007,0.030000000000000013,1.5000000000000007,5.000000000000007,0.10000000000000014,0.10000000000000014,100.0
corvus_corvidae_family,corvus_corvidae,gpt-4o-mini-demo,family,well_known,disputed,Corvus,Corvidae,Passeriformes,138.0,123,138,15,50,138,6758,124.20000000000002,151.8,179.4,55.19999999999999,0.3999999999999999,False,True,0.85,4.1400000000000015,0.03000000000000001,4.1400000000000015,13.800000000000011,0.10000000000000009,0.10000000000000009,101.0
corvus_corvidae_order,corvus_corvidae,gpt-4o-mini-demo,order,well_known,disputed,Corvus,Corvidae,Passeriformes,6758.0,6020,6758,738,50,138,6758,6082.2,7433.8,8785.4,2703.2,0.39999999999999997,False,True,0.85,202.74,0.030000000000000002,202.74,675.8000000000002,0.10000000000000003,0.10000000000000003,102.0
nucifraga_corvidae_genus,nucifraga_corvidae,gpt-4o-mini-demo,genus,obscure,disputed,Nucifraga,Corvidae,Passeriformes,4.0,2,4,2,4,138,6758,2.4000000000000004,4.4,6.4,4.0,1.0,False,True,0.85,0.20000000000000004,0.05000000000000001,0.20000000000000004,0.40000000000000036,0.10000000000000009,0.10000000000000009,103.0
nucifraga_corvidae_family,nucifraga_corvidae,gpt-4o-mini-demo,family,obscure,disputed,Nucifraga,Corvidae,Passeriformes,138.0,123,138,15,4,138,6758,124.20000000000002,151.8,179.4,55.19999999999999,0.3999999999999999,False,True,0.85,4.1400000000000015,0.03000000000000001,4.1400000000000015,13.800000000000011,0.10000000000000009,0.10000000000000009,104.0
nucifraga_corvidae_order,nucifraga_corvidae,gpt-4o-mini-demo,order,obscure,disputed,Nucifraga,Corvidae,Passeriformes,6758.0,6020,6758,738,4,138,6758,6082.2,7433.8,8785.4,2703.2,0.39999999999999997,False,True,0.85,202.74,0.030000000000000002,202.74,675.8000000000002,0.10000000000000003,0.10000000000000003,105.0
archilochus_trochilidae_genus,archilochus_trochilidae,gpt-4o-mini-demo,genus,well_known,undisputed,Archilochus,Trochilidae,Apodiformes,2.0,2,2,0,2,366,478,0.20000000000000018,2.2,4.2,4.0,2.0,True,True,0.85,0.16666666666666666,0.08333333333333333,0.16666666666666666,0.20000000000000018,0.10000000000000009,0.10000000000000009,106.0
archilochus_trochilidae_family,archilochus_trochilidae,gpt-4o-mini-demo,family,well_known,disputed,Archilochus,Trochilidae,Apodiformes,366.0,335,366,31,2,366,478,329.40000000000003,402.6,475.8,146.39999999999998,0.3999999999999999,True,True,0.85,10.980000000000002,0.030000000000000006,10.980000000000002,36.60000000000002,0.10000000000000006,0.10000000000000006,107.0
archilochus_trochilidae_order,archilochus_trochilidae,gpt-4o-mini-demo,order,well_known,disputed,Archilochus,Trochilidae,Apodiformes,478.0,432,478,46,2,366,478,430.20000000000005,525.8000000000001,621.4000000000001,191.20000000000005,0.4000000000000001,True,True,0.85,14.34000000000001,0.030000000000000023,14.34000000000001,47.80000000000007,0.10000000000000014,0.10000000000000014,108.0
chaetocercus_trochilidae_genus,chaetocercus_trochilidae,gpt-4o-mini-demo,genus,obscure,undisputed,Chaetocercus,Trochilidae,Apodiformes,6.0,6,6,0,6,366,478,4.6000000000000005,6.6000000000000005,8.600000000000001,4.000000000000001,0.6666666666666669,True,True,0.85,0.23333333333333342,0.0388888888888889,0.23333333333333342,0.6000000000000005,0.10000000000000009,0.10000000000000009,109.0
chaetocercus_trochilidae_family,chaetocercus_trochilidae,gpt-4o-mini-demo,family,obscure,disputed,Chaetocercus,Trochilidae,Apodiformes,366.0,335,366,31,6,366,478,329.40000000000003,402.6,475.8,146.39999999999998,0.3999999999999999,True,True,0.85,10.980000000000002,0.030000000000000006,10.980000000000002,36.60000000000002,0.10000000000000006,0.10000000000000006,110.0
chaetocercus_trochilidae_order,chaetocercus_trochilidae,gpt-4o-mini-demo,order,obscure,disputed,Chaetocercus,Trochilidae,Apodiformes,478.0,432,478,46,6,366,478,430.20000000000005,525.8000000000001,621.4000000000001,191.20000000000005,0.4000000000000001,True,True,0.85,14.34000000000001,0.030000000000000023,14.34000000000001,47.80000000000007,0.10000000000000014,0.10000000000000014,111.0
amazona_psittacidae_genus,amazona_psittacidae,gpt-4o-mini-demo,genus,well_known,disputed,Amazona,Psittacidae,Psittaciformes,32.0,30,32,2,32,181,409,28.800000000000004,35.2,41.6,12.799999999999997,0.3999999999999999,True,True,0.85,0.9600000000000003,0.03000000000000001,0.9600000000000003,3.200000000000003,0.10000000000000009,0.10000000000000009,112.0
amazona_psittacidae_family,amazona_psittacidae,gpt-4o-mini-demo,family,well_known,disputed,Amazona,Psittacidae,Psittaciformes,181.0,167,181,14,32,181,409,162.90000000000003,199.10000000000002,235.3,72.39999999999998,0.39999999999999986,True,True,0.85,5.430000000000002,0.030000000000000013,5.430000000000002,18.100000000000023,0.10000000000000013,0.10000000000000013,113.0
amazona_psittacidae_order,amazona_psittacidae,gpt-4o-mini-demo,order,well_known,disputed,Amazona,Psittacidae,Psittaciformes,409.0,379,409,30,32,181,409,368.1,449.90000000000003,531.7,163.60000000000002,0.4000000000000001,True,True,0.85,12.270000000000005,0.030000000000000013,12.270000000000005,40.900000000000034,0.10000000000000009,0.10000000000000009,114.0
bolborhynchus_psittacidae_genus,bolborhynchus_psittacidae,gpt-4o-mini-demo,genus,obscure,undisputed,Bolborhynchus,Psittacidae,Psittaciformes,3.0,3,3,0,3,181,409,1.3000000000000003,3.3000000000000003,5.300000000000001,4.0,1.3333333333333333,True,True,0.85,0.18333333333333338,0.06111111111111112,0.18333333333333338,0.30000000000000027,0.10000000000000009,0.10000000000000009,115.0
bolborhynchus_psittacidae_family,bolborhynchus_psittacidae,gpt-4o-mini-demo,family,obscure,disputed,Bolborhynchus,Psittacidae,Psittaciformes,181.0,167,181,14,3,181,409,162.90000000000003,199.10000000000002,235.3,72.39999999999998,0.39999999999999986,True,True,0.85,5.430000000000002,0.030000000000000013,5.430000000000002,18.100000000000023,0.10000000000000013,0.10000000000000013,116.0
bolborhynchus_psittacidae_order,bolborhynchus_psittacidae,gpt-4o-mini-demo,order,obscure,disputed,Bolborhynchus,Psittacidae,Psittaciformes,409.0,379,409,30,3,181,409,368.1,449.90000000000003,531.7,163.60000000000002,0.4000000000000001,True,True,0.85,12.270000000000005,0.030000000000000013,12.270000000000005,40.900000000000034,0.10000000000000009,0.10000000000000009,117.0
bubo_strigidae_genus,bubo_strigidae,gpt-4o-mini-demo,genus,well_known,disputed,Bubo,Strigidae,Strigiformes,12.0,7,12,5,12,236,256,10.8,13.200000000000001,15.600000000000001,4.800000000000001,0.4000000000000001,False,True,0.85,0.36000000000000015,0.030000000000000013,0.36000000000000015,1.200000000000001,0.10000000000000009,0.10000000000000009,118.0
bubo_strigidae_family,bubo_strigidae,gpt-4o-mini-demo,family,well_known,disputed,Bubo,Strigidae,Strigiformes,236.0,196,236,40,12,236,256,212.40000000000003,259.6,306.8,94.39999999999998,0.3999999999999999,False,True,0.85,7.080000000000002,0.03000000000000001,7.080000000000002,23.600000000000023,0.1000000000000001,0.1000000000000001,119.0
bubo_strigidae_order,bubo_strigidae,gpt-4o-mini-demo,order,well_known,disputed,Bubo,Strigidae,Strigiformes,256.0,214,256,42,12,236,256,230.40000000000003,281.6,332.8,102.39999999999998,0.3999999999999999,False,True,0.85,7.680000000000002,0.03000000000000001,7.680000000000002,25.600000000000023,0.10000000000000009,0.10000000000000009,120.0
xenoglaux_strigidae_genus,xenoglaux_strigidae,gpt-4o-mini-demo,genus,obscure,undisputed,Xenoglaux,Strigidae,Strigiformes,1.0,1,1,0,1,236,256,0.0,1.1,3.1,3.1,3.1,True,True,0.85,0.12,0.12,0.12,0.10000000000000009,0.10000000000000009,0.10000000000000009,121.0
xenoglaux_strigidae_family,xenoglaux_strigidae,gpt-4o-mini-demo,family,obscure,disputed,Xenoglaux,Strigidae,Strigiformes,236.0,196,236,40,1,236,256,212.40000000000003,259.6,306.8,94.39999999999998,0.3999999999999999,False,True,0.85,7.080000000000002,0.03000000000000001,7.080000000000002,23.600000000000023,0.1000000000000001,0.1000000000000001,122.0
xenoglaux_strigidae_order,xenoglaux_strigidae,gpt-4o-mini-demo,order,obscure,disputed,Xenoglaux,Strigidae,Strigiformes,256.0,214,256,42,1,236,256,230.40000000000003,281.6,332.8,102.39999999999998,0.3999999999999999,False,True,0.85,7.680000000000002,0.03000000000000001,7.680000000000002,25.600000000000023,0.10000000000000009,0.10000000000000009,123.0
ramphastos_ramphastidae_genus,ramphastos_ramphastidae,gpt-4o-mini-demo,genus,well_known,disputed,Ramphastos,Ramphastidae,Piciformes,8.0,7,8,1,8,38,444,6.800000000000001,8.8,10.8,4.0,0.5,True,True,0.85,0.2666666666666668,0.03333333333333335,0.2666666666666668,0.8000000000000007,0.10000000000000009,0.10000000000000009,124.0
ramphastos_ramphastidae_family,ramphastos_ramphastidae,gpt-4o-mini-demo,family,well_known,disputed,Ramphastos,Ramphastidae,Piciformes,38.0,34,38,4,8,38,444,34.2,41.800000000000004,49.400000000000006,15.200000000000003,0.4000000000000001,False,True,0.85,1.1400000000000008,0.03000000000000002,1.1400000000000008,3.8000000000000043,0.10000000000000012,0.10000000000000012,125.0
ramphastos_ramphastidae_order,ramphastos_ramphastidae,gpt-4o-mini-demo,order,well_known,disputed,Ramphastos,Ramphastidae,Piciformes,444.0,406,444,38,8,38,444,399.6,488.40000000000003,577.2,177.60000000000002,0.4000000000000001,True,True,0.85,13.320000000000006,0.030000000000000013,13.320000000000006,44.400000000000034,0.10000000000000007,0.10000000000000007,126.0
selenidera_ramphastidae_genus,selenidera_ramphastidae,gpt-4o-mini-demo,genus,obscure,undisputed,Selenidera,Ramphastidae,Piciformes,6.0,6,6,0,6,38,444,4.6000000000000005,6.6000000000000005,8.600000000000001,4.000000000000001,0.6666666666666669,True,True,0.85,0.23333333333333342,0.0388888888888889,0.23333333333333342,0.6000000000000005,0.10000000000000009,0.10000000000000009,127.0
selenidera_ramphastidae_family,selenidera_ramphastidae,gpt-4o-mini-demo,family,obscure,disputed,Selenidera,Ramphastidae,Piciformes,38.0,34,38,4,6,38,444,34.2,41.800000000000004,49.400000000000006,15.200000000000003,0.4000000000000001,False,True,0.85,1.1400000000000008,0.03000000000000002,1.1400000000000008,3.8000000000000043,0.10000000000000012,0.10000000000000012,128.0
selenidera_ramphastidae_order,selenidera_ramphastidae,gpt-4o-mini-demo,order,obscure,disputed,Selenidera,Ramphastidae,Piciformes,444.0,406,444,38,6,38,444,399.6,488.40000000000003,577.2,177.60000000000002,0.4000000000000001,True,True,0.85,13.320000000000006,0.030000000000000013,13.320000000000006,44.400000000000034,0.10000000000000007,0.10000000000000007,129.0
pitta_pittidae_genus,pitta_pittidae,gpt-4o-mini-demo,genus,well_known,disputed,Pitta,Pittidae,Passeriformes,20.0,13,20,7,20,46,6758,18.0,22.0,26.0,8.0,0.4,False,True,0.85,0.6,0.03,0.6,2.0,0.1,0.1,130.0
pitta_pittidae_family,pitta_pittidae,gpt-4o-mini-demo,family,well_known,disputed,Pitta,Pittidae,Passeriformes,46.0,29,46,17,20,46,6758,41.4,50.6,59.800000000000004,18.400000000000006,0.40000000000000013,False,True,0.85,1.3800000000000001,0.030000000000000002,1.3800000000000001,4.600000000000001,0.10000000000000003,0.10000000000000003,131.0
pitta_pittidae_order,pitta_pittidae,gpt-4o-mini-demo,order,well_known,disputed,Pitta,Pittidae,Passeriformes,6758.0,6020,6758,738,20,46,6758,6082.2,7433.8,8785.4,2703.2,0.39999999999999997,False,True,0.85,202.74,0.030000000000000002,202.74,675.8000000000002,0.10000000000000003,0.10000000000000003,132.0
erythropitta_pittidae_genus,erythropitta_pittidae,gpt-4o-mini-demo,genus,obscure,disputed,Erythropitta,Pittidae,Passeriformes,13.0,5,13,8,13,46,6758,11.700000000000001,14.3,16.900000000000002,5.200000000000001,0.4000000000000001,False,True,0.85,0.3900000000000001,0.03000000000000001,0.3900000000000001,1.3000000000000007,0.10000000000000006,0.10000000000000006,133.0
erythropitta_pittidae_family,erythropitta_pittidae,gpt-4o-mini-demo,family,obscure,disputed,Erythropitta,Pittidae,Passeriformes,46.0,29,46,17,13,46,6758,41.4,50.6,59.800000000000004,18.400000000000006,0.40000000000000013,False,True,0.85,1.3800000000000001,0.030000000000000002,1.3800000000000001,4.600000000000001,0.10000000000000003,0.10000000000000003,134.0
erythropitta_pittidae_order,erythropitta_pittidae,gpt-4o-mini-demo,order,obscure,disputed,Erythropitta,Pittidae,Passeriformes,6758.0,6020,6758,738,13,46,6758,6082.2,7433.8,8785.4,2703.2,0.39999999999999997,False,True,0.85,202.74,0.030000000000000002,202.74,675.8000000000002,0.10000000000000003,0.10000000000000003,135.0
accipiter_accipitridae_genus,accipiter_accipitridae,gpt-4o-mini-demo,genus,well_known,disputed,Accipiter,Accipitridae,Accipitriformes,9.0,6,9,3,9,254,263,7.9,9.9,11.9,4.0,0.4444444444444444,False,True,0.85,0.2833333333333334,0.031481481481481485,0.2833333333333334,0.9000000000000004,0.10000000000000003,0.10000000000000003,136.0
accipiter_accipitridae_family,accipiter_accipitridae,gpt-4o-mini-demo,family,well_known,disputed,Accipiter,Accipitridae,Accipitriformes,254.0,241,254,13,9,254,263,228.60000000000002,279.40000000000003,330.20000000000005,101.60000000000002,0.4000000000000001,True,True,0.85,7.620000000000005,0.03000000000000002,7.620000000000005,25.400000000000034,0.10000000000000013,0.10000000000000013,137.0
accipiter_accipitridae_order,accipiter_accipitridae,gpt-4o-mini-demo,order,well_known,disputed,Accipiter,Accipitridae,Accipitriformes,263.0,250,263,13,9,254,263,236.70000000000002,289.3,341.90000000000003,105.20000000000002,0.4000000000000001,True,True,0.85,7.8900000000000015,0.030000000000000006,7.8900000000000015,26.30000000000001,0.10000000000000005,0.10000000000000005,138.0
urotriorchis_accipitridae_genus,urotriorchis_accipitridae,gpt-4o-mini-demo,genus,obscure,undisputed,Urotriorchis,Accipitridae,Accipitriformes,1.0,1,1,0,1,254,263,0.0,1.1,3.1,3.1,3.1,True,True,0.85,0.12,0.12,0.12,0.10000000000000009,0.10000000000000009,0.10000000000000009,139.0
urotriorchis_accipitridae_family,urotriorchis_accipitridae,gpt-4o-mini-demo,family,obscure,disputed,Urotriorchis,Accipitridae,Accipitriformes,254.0,241,254,13,1,254,263,228.60000000000002,279.40000000000003,330.20000000000005,101.60000000000002,0.4000000000000001,True,True,0.85,7.620000000000005,0.03000000000000002,7.620000000000005,25.400000000000034,0.10000000000000013,0.10000000000000013,140.0
urotriorchis_accipitridae_order,urotriorchis_accipitridae,gpt-4o-mini-demo,order,obscure,disputed,Urotriorchis,Accipitridae,Accipitriformes,263.0,250,263,13,1,254,263,236.70000000000002,289.3,341.90000000000003,105.20000000000002,0.4000000000000001,True,True,0.85,7.8900000000000015,0.030000000000000006,7.8900000000000015,26.30000000000001,0.10000000000000005,0.10000000000000005,141.0
anas_anatidae_genus,anas_anatidae,gpt-4o-mini-demo,genus,well_known,disputed,Anas,Anatidae,Anseriformes,32.0,26,32,6,32,174,178,28.800000000000004,35.2,41.6,12.799999999999997,0.3999999999999999,False,True,0.85,0.9600000000000003,0.03000000000000001,0.9600000000000003,3.200000000000003,0.10000000000000009,0.10000000000000009,142.0
anas_anatidae_family,anas_anatidae,gpt-4o-mini-demo,family,well_known,disputed,Anas,Anatidae,Anseriformes,174.0,162,174,12,32,174,178,156.6,191.4,226.20000000000002,69.60000000000002,0.40000000000000013,True,True,0.85,5.2200000000000015,0.03000000000000001,5.2200000000000015,17.400000000000006,0.10000000000000003,0.10000000000000003,143.0
anas_anatidae_order,anas_anatidae,gpt-4o-mini-demo,order,well_known,disputed,Anas,Anatidae,Anseriformes,178.0,166,178,12,32,174,178,160.20000000000002,195.8,231.4,71.19999999999999,0.3999999999999999,True,True,0.85,5.340000000000001,0.030000000000000006,5.340000000000001,17.80000000000001,0.10000000000000006,0.10000000000000006,144.0
sarkidiornis_anatidae_genus,sarkidiornis_anatidae,gpt-4o-mini-demo,genus,obscure,disputed,Sarkidiornis,Anatidae,Anseriformes,2.0,1,2,1,2,174,178,0.20000000000000018,2.2,4.2,4.0,2.0,True,True,0.85,0.16666666666666666,0.08333333333333333,0.16666666666666666,0.20000000000000018,0.10000000000000009,0.10000000000000009,145.0
sarkidiornis_anatidae_family,sarkidiornis_anatidae,gpt-4o-mini-demo,family,obscure,disputed,Sarkidiornis,Anatidae,Anseriformes,174.0,162,174,12,2,174,178,156.6,191.4,226.20000000000002,69.60000000000002,0.40000000000000013,True,True,0.85,5.2200000000000015,0.03000000000000001,5.2200000000000015,17.400000000000006,0.10000000000000003,0.10000000000000003,146.0
sarkidiornis_anatidae_order,sarkidiornis_anatidae,gpt-4o-mini-demo,order,obscure,disputed,Sarkidiornis,Anatidae,Anseriformes,178.0,166,178,12,2,174,178,160.20000000000002,195.8,231.4,71.19999999999999,0.3999999999999999,True,True,0.85,5.340000000000001,0.030000000000000006,5.340000000000001,17.80000000000001,0.10000000000000006,0.10000000000000006,147.0
fringilla_fringillidae_genus,fringilla_fringillidae,gpt-4o-mini-demo,genus,well_known,disputed,Fringilla,Fringillidae,Passeriformes,8.0,3,8,5,8,238,6758,6.800000000000001,8.8,10.8,4.0,0.5,False,True,0.85,0.2666666666666668,0.03333333333333335,0.2666666666666668,0.8000000000000007,0.10000000000000009,0.10000000000000009,148.0
fringilla_fringillidae_family,fringilla_fringillidae,gpt-4o-mini-demo,family,well_known,disputed,Fringilla,Fringillidae,Passeriformes,238.0,220,238,18,8,238,6758,214.20000000000002,261.8,309.40000000000003,95.20000000000002,0.4000000000000001,True,True,0.85,7.1400000000000015,0.030000000000000006,7.1400000000000015,23.80000000000001,0.10000000000000005,0.10000000000000005,149.0
fringilla_fringillidae_order,fringilla_fringillidae,gpt-4o-mini-demo,order,well_known,disputed,Fringilla,Fringillidae,Passeriformes,6758.0,6020,6758,738,8,238,6758,6082.2,7433.8,8785.4,2703.2,0.39999999999999997,False,True,0.85,202.74,0.030000000000000002,202.74,675.8000000000002,0.10000000000000003,0.10000000000000003,150.0
carpodacus_fringillidae_genus,carpodacus_fringillidae,gpt-4o-mini-demo,genus,obscure,disputed,Carpodacus,Fringillidae,Passeriformes,28.0,26,28,2,28,238,6758,25.200000000000003,30.800000000000004,36.400000000000006,11.200000000000003,0.4000000000000001,True,True,0.85,0.8400000000000007,0.030000000000000027,0.8400000000000007,2.8000000000000043,0.10000000000000016,0.10000000000000016,151.0
carpodacus_fringillidae_family,carpodacus_fringillidae,gpt-4o-mini-demo,family,obscure,disputed,Carpodacus,Fringillidae,Passeriformes,238.0,220,238,18,28,238,6758,214.20000000000002,261.8,309.40000000000003,95.20000000000002,0.4000000000000001,True,True,0.85,7.1400000000000015,0.030000000000000006,7.1400000000000015,23.80000000000001,0.10000000000000005,0.10000000000000005,152.0
carpodacus_fringillidae_order,carpodacus_fringillidae,gpt-4o-mini-demo,order,obscure,disputed,Carpodacus,Fringillidae,Passeriformes,6758.0,6020,6758,738,28,238,6758,6082.2,7433.8,8785.4,2703.2,0.39999999999999997,False,True,0.85,202.74,0.030000000000000002,202.74,675.8000000000002,0.10000000000000003,0.10000000000000003,153.0
columba_columbidae_genus,columba_columbidae,gpt-4o-mini-demo,genus,well_known,undisputed,Columba,Columbidae,Columbiformes,34.0,34,34,0,34,352,352,30.600000000000005,37.400000000000006,44.2,13.599999999999998,0.3999999999999999,True,True,0.85,1.0200000000000007,0.03000000000000002,1.0200000000000007,3.4000000000000057,0.10000000000000017,0.10000000000000017,154.0
columba_columbidae_family,columba_columbidae,gpt-4o-mini-demo,family,well_known,disputed,Columba,Columbidae,Columbiformes,352.0,316,352,36,34,352,352,316.80000000000007,387.20000000000005,457.6,140.79999999999995,0.39999999999999986,False,True,0.85,10.560000000000004,0.030000000000000013,10.560000000000004,35.200000000000045,0.10000000000000013,0.10000000000000013,155.0
columba_columbidae_order,columba_columbidae,gpt-4o-mini-demo,order,well_known,disputed,Columba,Columbidae,Columbiformes,352.0,316,352,36,34,352,352,316.80000000000007,387.20000000000005,457.6,140.79999999999995,0.39999999999999986,False,True,0.85,10.560000000000004,0.030000000000000013,10.560000000000004,35.200000000000045,0.10000000000000013,0.10000000000000013,156.0
claravis_columbidae_genus,claravis_columbidae,gpt-4o-mini-demo,genus,obscure,undisputed,Claravis,Columbidae,Columbiformes,1.0,1,1,0,1,352,352,0.0,1.1,3.1,3.1,3.1,True,True,0.85,0.12,0.12,0.12,0.10000000000000009,0.10000000000000009,0.10000000000000009,157.0
claravis_columbidae_family,claravis_columbidae,gpt-4o-mini-demo,family,obscure,disputed,Claravis,Columbidae,Columbiformes,352.0,316,352,36,1,352,352,316.80000000000007,387.20000000000005,457.6,140.79999999999995,0.39999999999999986,False,True,0.85,10.560000000000004,0.030000000000000013,10.560000000000004,35.200000000000045,0.10000000000000013,0.10000000000000013,158.0
claravis_columbidae_order,claravis_columbidae,gpt-4o-mini-demo,order,obscure,disputed,Claravis,Columbidae,Columbiformes,352.0,316,352,36,1,352,352,316.80000000000007,387.20000000000005,457.6,140.79999999999995,0.39999999999999986,False,True,0.85,10.560000000000004,0.030000000000000013,10.560000000000004,35.200000000000045,0.10000000000000013,0.10000000000000013,159.0
falco_falconidae_genus,falco_falconidae,gpt-4o-mini-demo,genus,well_known,disputed,Falco,Falconidae,Falconiformes,39.0,38,39,1,39,65,65,35.10000000000001,42.900000000000006,50.7,15.599999999999994,0.39999999999999986,True,True,0.85,1.1700000000000006,0.030000000000000016,1.1700000000000006,3.9000000000000057,0.10000000000000014,0.10000000000000014,160.0
falco_falconidae_family,falco_falconidae,gpt-4o-mini-demo,family,well_known,disputed,Falco,Falconidae,Falconiformes,65.0,64,65,1,39,65,65,58.5,71.5,84.5,26.0,0.4,True,True,0.85,1.95,0.03,1.95,6.5,0.1,0.1,161.0
falco_falconidae_order,falco_falconidae,gpt-4o-mini-demo,order,well_known,disputed,Falco,Falconidae,Falconiformes,65.0,64,65,1,39,65,65,58.5,71.5,84.5,26.0,0.4,True,True,0.85,1.95,0.03,1.95,6.5,0.1,0.1,162.0
microhierax_falconidae_genus,microhierax_falconidae,gpt-4o-mini-demo,genus,obscure,undisputed,Microhierax,Falconidae,Falconiformes,5.0,5,5,0,5,65,65,3.5,5.5,7.5,4.0,0.8,True,True,0.85,0.21666666666666665,0.04333333333333333,0.21666666666666665,0.5,0.1,0.1,163.0
microhierax_falconidae_family,microhierax_falconidae,gpt-4o-mini-demo,family,obscure,disputed,Microhierax,Falconidae,Falconiformes,65.0,64,65,1,5,65,65,58.5,71.5,84.5,26.0,0.4,True,True,0.85,1.95,0.03,1.95,6.5,0.1,0.1,164.0
microhierax_falconidae_order,microhierax_falconidae,gpt-4o-mini-demo,order,obscure,disputed,Microhierax,Falconidae,Falconiformes,65.0,64,65,1,5,65,65,58.5,71.5,84.5,26.0,0.4,True,True,0.85,1.95,0.03,1.95,6.5,0.1,0.1,165.0
fratercula_alcidae_genus,fratercula_alcidae,gpt-4o-mini-demo,genus,well_known,undisputed,Fratercula,Alcidae,Charadriiformes,3.0,3,3,0,3,25,394,1.3000000000000003,3.3000000000000003,5.300000000000001,4.0,1.3333333333333333,True,True,0.85,0.18333333333333338,0.06111111111111112,0.18333333333333338,0.30000000000000027,0.10000000000000009,0.10000000000000009,166.0
fratercula_alcidae_family,fratercula_alcidae,gpt-4o-mini-demo,family,well_known,undisputed,Fratercula,Alcidae,Charadriiformes,25.0,25,25,0,3,25,394,22.500000000000004,27.500000000000004,32.5,9.999999999999996,0.39999999999999986,True,True,0.85,0.7500000000000003,0.030000000000000013,0.7500000000000003,2.5000000000000036,0.10000000000000014,0.10000000000000014,167.0
fratercula_alcidae_order,fratercula_alcidae,gpt-4o-mini-demo,order,well_known,disputed,Fratercula,Alcidae,Charadriiformes,394.0,374,394,20,3,25,394,354.6,433.40000000000003,512.2,157.60000000000002,0.4000000000000001,True,True,0.85,11.820000000000006,0.030000000000000013,11.820000000000006,39.400000000000034,0.10000000000000009,0.10000000000000009,168.0
synthliboramphus_alcidae_genus,synthliboramphus_alcidae,gpt-4o-mini-demo,genus,obscure,undisputed,Synthliboramphus,Alcidae,Charadriiformes,5.0,5,5,0,5,25,394,3.5,5.5,7.5,4.0,0.8,True,True,0.85,0.21666666666666665,0.04333333333333333,0.21666666666666665,0.5,0.1,0.1,169.0
synthliboramphus_alcidae_family,synthliboramphus_alcidae,gpt-4o-mini-demo,family,obscure,undisputed,Synthliboramphus,Alcidae,Charadriiformes,25.0,25,25,0,5,25,394,22.500000000000004,27.500000000000004,32.5,9.999999999999996,0.39999999999999986,True,True,0.85,0.7500000000000003,0.030000000000000013,0.7500000000000003,2.5000000000000036,0.10000000000000014,0.10000000000000014,170.0
synthliboramphus_alcidae_order,synthliboramphus_alcidae,gpt-4o-mini-demo,order,obscure,disputed,Synthliboramphus,Alcidae,Charadriiformes,394.0,374,394,20,5,25,394,354.6,433.40000000000003,512.2,157.60000000000002,0.4000000000000001,True,True,0.85,11.820000000000006,0.030000000000000013,11.820000000000006,39.400000000000034,0.10000000000000009,0.10000000000000009,171.0
corvus_corvidae_genus,corvus_corvidae,gpt-4o-demo,genus,well_known,disputed,Corvus,Corvidae,Passeriformes,50.0,41,50,9,50,138,6758,37.5,50.0,62.5,25.0,0.5,True,True,0.75,0.8333333333333334,0.016666666666666666,0.8333333333333334,0.0,0.0,0.0,100.0
corvus_corvidae_family,corvus_corvidae,gpt-4o-demo,family,well_known,disputed,Corvus,Corvidae,Passeriformes,138.0,123,138,15,50,138,6758,103.5,138.0,172.5,69.0,0.5,True,True,0.75,2.3,0.016666666666666666,2.3,0.0,0.0,0.0,101.0
corvus_corvidae_order,corvus_corvidae,gpt-4o-demo,order,well_known,disputed,Corvus,Corvidae,Passeriformes,6758.0,6020,6758,738,50,138,6758,5068.5,6758.0,8447.5,3379.0,0.5,True,True,0.75,112.63333333333333,0.016666666666666666,112.63333333333333,0.0,0.0,0.0,102.0
nucifraga_corvidae_genus,nucifraga_corvidae,gpt-4o-demo,genus,obscure,disputed,Nucifraga,Corvidae,Passeriformes,4.0,2,4,2,4,138,6758,0.0,4.0,9.0,9.0,2.25,True,True,0.75,0.3,0.075,0.3,0.0,0.0,0.0,103.0
nucifraga_corvidae_family,nucifraga_corvidae,gpt-4o-demo,family,obscure,disputed,Nucifraga,Corvidae,Passeriformes,138.0,123,138,15,4,138,6758,103.5,138.0,172.5,69.0,0.5,True,True,0.75,2.3,0.016666666666666666,2.3,0.0,0.0,0.0,104.0
nucifraga_corvidae_order,nucifraga_corvidae,gpt-4o-demo,order,obscure,disputed,Nucifraga,Corvidae,Passeriformes,6758.0,6020,6758,738,4,138,6758,5068.5,6758.0,8447.5,3379.0,0.5,True,True,0.75,112.63333333333333,0.016666666666666666,112.63333333333333,0.0,0.0,0.0,105.0
archilochus_trochilidae_genus,archilochus_trochilidae,gpt-4o-demo,genus,well_known,undisputed,Archilochus,Trochilidae,Apodiformes,2.0,2,2,0,2,366,478,0.0,2.0,7.0,7.0,3.5,True,True,0.75,0.2333333333333333,0.11666666666666665,0.2333333333333333,0.0,0.0,0.0,106.0
archilochus_trochilidae_family,archilochus_trochilidae,gpt-4o-demo,family,well_known,disputed,Archilochus,Trochilidae,Apodiformes,366.0,335,366,31,2,366,478,274.5,366.0,457.5,183.0,0.5,True,True,0.75,6.099999999999999,0.016666666666666663,6.099999999999999,0.0,0.0,0.0,107.0
archilochus_trochilidae_order,archilochus_trochilidae,gpt-4o-demo,order,well_known,disputed,Archilochus,Trochilidae,Apodiformes,478.0,432,478,46,2,366,478,358.5,478.0,597.5,239.0,0.5,True,True,0.75,7.966666666666666,0.016666666666666666,7.966666666666666,0.0,0.0,0.0,108.0
chaetocercus_trochilidae_genus,chaetocercus_trochilidae,gpt-4o-demo,genus,obscure,undisputed,Chaetocercus,Trochilidae,Apodiformes,6.0,6,6,0,6,366,478,1.0,6.0,11.0,10.0,1.6666666666666667,True,True,0.75,0.3333333333333333,0.05555555555555555,0.3333333333333333,0.0,0.0,0.0,109.0
chaetocercus_trochilidae_family,chaetocercus_trochilidae,gpt-4o-demo,family,obscure,disputed,Chaetocercus,Trochilidae,Apodiformes,366.0,335,366,31,6,366,478,274.5,366.0,457.5,183.0,0.5,True,True,0.75,6.099999999999999,0.016666666666666663,6.099999999999999,0.0,0.0,0.0,110.0
chaetocercus_trochilidae_order,chaetocercus_trochilidae,gpt-4o-demo,order,obscure,disputed,Chaetocercus,Trochilidae,Apodiformes,478.0,432,478,46,6,366,478,358.5,478.0,597.5,239.0,0.5,True,True,0.75,7.966666666666666,0.016666666666666666,7.966666666666666,0.0,0.0,0.0,111.0
amazona_psittacidae_genus,amazona_psittacidae,gpt-4o-demo,genus,well_known,disputed,Amazona,Psittacidae,Psittaciformes,32.0,30,32,2,32,181,409,24.0,32.0,40.0,16.0,0.5,True,True,0.75,0.5333333333333333,0.016666666666666666,0.5333333333333333,0.0,0.0,0.0,112.0
amazona_psittacidae_family,amazona_psittacidae,gpt-4o-demo,family,well_known,disputed,Amazona,Psittacidae,Psittaciformes,181.0,167,181,14,32,181,409,135.75,181.0,226.25,90.5,0.5,True,True,0.75,3.016666666666666,0.016666666666666663,3.016666666666666,0.0,0.0,0.0,113.0
amazona_psittacidae_order,amazona_psittacidae,gpt-4o-demo,order,well_known,disputed,Amazona,Psittacidae,Psittaciformes,409.0,379,409,30,32,181,409,306.75,409.0,511.25,204.5,0.5,True,True,0.75,6.816666666666666,0.016666666666666666,6.816666666666666,0.0,0.0,0.0,114.0
bolborhynchus_psittacidae_genus,bolborhynchus_psittacidae,gpt-4o-demo,genus,obscure,undisputed,Bolborhynchus,Psittacidae,Psittaciformes,3.0,3,3,0,3,181,409,0.0,3.0,8.0,8.0,2.6666666666666665,True,True,0.75,0.26666666666666666,0.08888888888888889,0.26666666666666666,0.0,0.0,0.0,115.0
bolborhynchus_psittacidae_family,bolborhynchus_psittacidae,gpt-4o-demo,family,obscure,disputed,Bolborhynchus,Psittacidae,Psittaciformes,181.0,167,181,14,3,181,409,135.75,181.0,226.25,90.5,0.5,True,True,0.75,3.016666666666666,0.016666666666666663,3.016666666666666,0.0,0.0,0.0,116.0
bolborhynchus_psittacidae_order,bolborhynchus_psittacidae,gpt-4o-demo,order,obscure,disputed,Bolborhynchus,Psittacidae,Psittaciformes,409.0,379,409,30,3,181,409,306.75,409.0,511.25,204.5,0.5,True,True,0.75,6.816666666666666,0.016666666666666666,6.816666666666666,0.0,0.0,0.0,117.0
bubo_strigidae_genus,bubo_strigidae,gpt-4o-demo,genus,well_known,disputed,Bubo,Strigidae,Strigiformes,12.0,7,12,5,12,236,256,7.0,12.0,17.0,10.0,0.8333333333333334,True,True,0.75,0.3333333333333333,0.027777777777777776,0.3333333333333333,0.0,0.0,0.0,118.0
bubo_strigidae_family,bubo_strigidae,gpt-4o-demo,family,well_known,disputed,Bubo,Strigidae,Strigiformes,236.0,196,236,40,12,236,256,177.0,236.0,295.0,118.0,0.5,True,True,0.75,3.933333333333333,0.016666666666666666,3.933333333333333,0.0,0.0,0.0,119.0
bubo_strigidae_order,bubo_strigidae,gpt-4o-demo,order,well_known,disputed,Bubo,Strigidae,Strigiformes,256.0,214,256,42,12,236,256,192.0,256.0,320.0,128.0,0.5,True,True,0.75,4.266666666666667,0.016666666666666666,4.266666666666667,0.0,0.0,0.0,120.0
xenoglaux_strigidae_genus,xenoglaux_strigidae,gpt-4o-demo,genus,obscure,undisputed,Xenoglaux,Strigidae,Strigiformes,1.0,1,1,0,1,236,256,0.0,1.0,6.0,6.0,6.0,True,True,0.75,0.19999999999999996,0.19999999999999996,0.19999999999999996,0.0,0.0,0.0,121.0
xenoglaux_strigidae_family,xenoglaux_strigidae,gpt-4o-demo,family,obscure,disputed,Xenoglaux,Strigidae,Strigiformes,236.0,196,236,40,1,236,256,177.0,236.0,295.0,118.0,0.5,True,True,0.75,3.933333333333333,0.016666666666666666,3.933333333333333,0.0,0.0,0.0,122.0
xenoglaux_strigidae_order,xenoglaux_strigidae,gpt-4o-demo,order,obscure,disputed,Xenoglaux,Strigidae,Strigiformes,256.0,214,256,42,1,236,256,192.0,256.0,320.0,128.0,0.5,True,True,0.75,4.266666666666667,0.016666666666666666,4.266666666666667,0.0,0.0,0.0,123.0
ramphastos_ramphastidae_genus,ramphastos_ramphastidae,gpt-4o-demo,genus,well_known,disputed,Ramphastos,Ramphastidae,Piciformes,8.0,7,8,1,8,38,444,3.0,8.0,13.0,10.0,1.25,True,True,0.75,0.3333333333333333,0.041666666666666664,0.3333333333333333,0.0,0.0,0.0,124.0
ramphastos_ramphastidae_family,ramphastos_ramphastidae,gpt-4o-demo,family,well_known,disputed,Ramphastos,Ramphastidae,Piciformes,38.0,34,38,4,8,38,444,28.5,38.0,47.5,19.0,0.5,True,True,0.75,0.6333333333333333,0.016666666666666666,0.6333333333333333,0.0,0.0,0.0,125.0
ramphastos_ramphastidae_order,ramphastos_ramphastidae,gpt-4o-demo,order,well_known,disputed,Ramphastos,Ramphastidae,Piciformes,444.0,406,444,38,8,38,444,333.0,444.0,555.0,222.0,0.5,True,True,0.75,7.3999999999999995,0.016666666666666666,7.3999999999999995,0.0,0.0,0.0,126.0
selenidera_ramphastidae_genus,selenidera_ramphastidae,gpt-4o-demo,genus,obscure,undisputed,Selenidera,Ramphastidae,Piciformes,6.0,6,6,0,6,38,444,1.0,6.0,11.0,10.0,1.6666666666666667,True,True,0.75,0.3333333333333333,0.05555555555555555,0.3333333333333333,0.0,0.0,0.0,127.0
selenidera_ramphastidae_family,selenidera_ramphastidae,gpt-4o-demo,family,obscure,disputed,Selenidera,Ramphastidae,Piciformes,38.0,34,38,4,6,38,444,28.5,38.0,47.5,19.0,0.5,True,True,0.75,0.6333333333333333,0.016666666666666666,0.6333333333333333,0.0,0.0,0.0,128.0
selenidera_ramphastidae_order,selenidera_ramphastidae,gpt-4o-demo,order,obscure,disputed,Selenidera,Ramphastidae,Piciformes,444.0,406,444,38,6,38,444,333.0,444.0,555.0,222.0,0.5,True,True,0.75,7.3999999999999995,0.016666666666666666,7.3999999999999995,0.0,0.0,0.0,129.0
pitta_pittidae_genus,pitta_pittidae,gpt-4o-demo,genus,well_known,disputed,Pitta,Pittidae,Passeriformes,20.0,13,20,7,20,46,6758,15.0,20.0,25.0,10.0,0.5,False,True,0.75,0.3333333333333333,0.016666666666666666,0.3333333333333333,0.0,0.0,0.0,130.0
pitta_pittidae_family,pitta_pittidae,gpt-4o-demo,family,well_known,disputed,Pitta,Pittidae,Passeriformes,46.0,29,46,17,20,46,6758,34.5,46.0,57.5,23.0,0.5,False,True,0.75,0.7666666666666666,0.016666666666666666,0.7666666666666666,0.0,0.0,0.0,131.0
pitta_pittidae_order,pitta_pittidae,gpt-4o-demo,order,well_known,disputed,Pitta,Pittidae,Passeriformes,6758.0,6020,6758,738,20,46,6758,5068.5,6758.0,8447.5,3379.0,0.5,True,True,0.75,112.63333333333333,0.016666666666666666,112.63333333333333,0.0,0.0,0.0,132.0
erythropitta_pittidae_genus,erythropitta_pittidae,gpt-4o-demo,genus,obscure,disputed,Erythropitta,Pittidae,Passeriformes,13.0,5,13,8,13,46,6758,8.0,13.0,18.0,10.0,0.7692307692307693,False,True,0.75,0.3333333333333333,0.02564102564102564,0.3333333333333333,0.0,0.0,0.0,133.0
erythropitta_pittidae_family,erythropitta_pittidae,gpt-4o-demo,family,obscure,disputed,Erythropitta,Pittidae,Passeriformes,46.0,29,46,17,13,46,6758,34.5,46.0,57.5,23.0,0.5,False,True,0.75,0.7666666666666666,0.016666666666666666,0.7666666666666666,0.0,0.0,0.0,134.0
erythropitta_pittidae_order,erythropitta_pittidae,gpt-4o-demo,order,obscure,disputed,Erythropitta,Pittidae,Passeriformes,6758.0,6020,6758,738,13,46,6758,5068.5,6758.0,8447.5,3379.0,0.5,True,True,0.75,112.63333333333333,0.016666666666666666,112.63333333333333,0.0,0.0,0.0,135.0
accipiter_accipitridae_genus,accipiter_accipitridae,gpt-4o-demo,genus,well_known,disputed,Accipiter,Accipitridae,Accipitriformes,9.0,6,9,3,9,254,263,4.0,9.0,14.0,10.0,1.1111111111111112,True,True,0.75,0.3333333333333333,0.037037037037037035,0.3333333333333333,0.0,0.0,0.0,136.0
accipiter_accipitridae_family,accipiter_accipitridae,gpt-4o-demo,family,well_known,disputed,Accipiter,Accipitridae,Accipitriformes,254.0,241,254,13,9,254,263,190.5,254.0,317.5,127.0,0.5,True,True,0.75,4.233333333333333,0.016666666666666666,4.233333333333333,0.0,0.0,0.0,137.0
accipiter_accipitridae_order,accipiter_accipitridae,gpt-4o-demo,order,well_known,disputed,Accipiter,Accipitridae,Accipitriformes,263.0,250,263,13,9,254,263,197.25,263.0,328.75,131.5,0.5,True,True,0.75,4.383333333333333,0.016666666666666666,4.383333333333333,0.0,0.0,0.0,138.0
urotriorchis_accipitridae_genus,urotriorchis_accipitridae,gpt-4o-demo,genus,obscure,undisputed,Urotriorchis,Accipitridae,Accipitriformes,1.0,1,1,0,1,254,263,0.0,1.0,6.0,6.0,6.0,True,True,0.75,0.19999999999999996,0.19999999999999996,0.19999999999999996,0.0,0.0,0.0,139.0
urotriorchis_accipitridae_family,urotriorchis_accipitridae,gpt-4o-demo,family,obscure,disputed,Urotriorchis,Accipitridae,Accipitriformes,254.0,241,254,13,1,254,263,190.5,254.0,317.5,127.0,0.5,True,True,0.75,4.233333333333333,0.016666666666666666,4.233333333333333,0.0,0.0,0.0,140.0
urotriorchis_accipitridae_order,urotriorchis_accipitridae,gpt-4o-demo,order,obscure,disputed,Urotriorchis,Accipitridae,Accipitriformes,263.0,250,263,13,1,254,263,197.25,263.0,328.75,131.5,0.5,True,True,0.75,4.383333333333333,0.016666666666666666,4.383333333333333,0.0,0.0,0.0,141.0
anas_anatidae_genus,anas_anatidae,gpt-4o-demo,genus,well_known,disputed,Anas,Anatidae,Anseriformes,32.0,26,32,6,32,174,178,24.0,32.0,40.0,16.0,0.5,True,True,0.75,0.5333333333333333,0.016666666666666666,0.5333333333333333,0.0,0.0,0.0,142.0
anas_anatidae_family,anas_anatidae,gpt-4o-demo,family,well_known,disputed,Anas,Anatidae,Anseriformes,174.0,162,174,12,32,174,178,130.5,174.0,217.5,87.0,0.5,True,True,0.75,2.9,0.016666666666666666,2.9,0.0,0.0,0.0,143.0
anas_anatidae_order,anas_anatidae,gpt-4o-demo,order,well_known,disputed,Anas,Anatidae,Anseriformes,178.0,166,178,12,32,174,178,133.5,178.0,222.5,89.0,0.5,True,True,0.75,2.9666666666666663,0.016666666666666666,2.9666666666666663,0.0,0.0,0.0,144.0
sarkidiornis_anatidae_genus,sarkidiornis_anatidae,gpt-4o-demo,genus,obscure,disputed,Sarkidiornis,Anatidae,Anseriformes,2.0,1,2,1,2,174,178,0.0,2.0,7.0,7.0,3.5,True,True,0.75,0.2333333333333333,0.11666666666666665,0.2333333333333333,0.0,0.0,0.0,145.0
sarkidiornis_anatidae_family,sarkidiornis_anatidae,gpt-4o-demo,family,obscure,disputed,Sarkidiornis,Anatidae,Anseriformes,174.0,162,174,12,2,174,178,130.5,174.0,217.5,87.0,0.5,True,True,0.75,2.9,0.016666666666666666,2.9,0.0,0.0,0.0,146.0
sarkidiornis_anatidae_order,sarkidiornis_anatidae,gpt-4o-demo,order,obscure,disputed,Sarkidiornis,Anatidae,Anseriformes,178.0,166,178,12,2,174,178,133.5,178.0,222.5,89.0,0.5,True,True,0.75,2.9666666666666663,0.016666666666666666,2.9666666666666663,0.0,0.0,0.0,147.0
fringilla_fringillidae_genus,fringilla_fringillidae,gpt-4o-demo,genus,well_known,disputed,Fringilla,Fringillidae,Passeriformes,8.0,3,8,5,8,238,6758,3.0,8.0,13.0,10.0,1.25,True,True,0.75,0.3333333333333333,0.041666666666666664,0.3333333333333333,0.0,0.0,0.0,148.0
fringilla_fringillidae_family,fringilla_fringillidae,gpt-4o-demo,family,well_known,disputed,Fringilla,Fringillidae,Passeriformes,238.0,220,238,18,8,238,6758,178.5,238.0,297.5,119.0,0.5,True,True,0.75,3.9666666666666663,0.016666666666666666,3.9666666666666663,0.0,0.0,0.0,149.0
fringilla_fringillidae_order,fringilla_fringillidae,gpt-4o-demo,order,well_known,disputed,Fringilla,Fringillidae,Passeriformes,6758.0,6020,6758,738,8,238,6758,5068.5,6758.0,8447.5,3379.0,0.5,True,True,0.75,112.63333333333333,0.016666666666666666,112.63333333333333,0.0,0.0,0.0,150.0
carpodacus_fringillidae_genus,carpodacus_fringillidae,gpt-4o-demo,genus,obscure,disputed,Carpodacus,Fringillidae,Passeriformes,28.0,26,28,2,28,238,6758,21.0,28.0,35.0,14.0,0.5,True,True,0.75,0.4666666666666666,0.016666666666666666,0.4666666666666666,0.0,0.0,0.0,151.0
carpodacus_fringillidae_family,carpodacus_fringillidae,gpt-4o-demo,family,obscure,disputed,Carpodacus,Fringillidae,Passeriformes,238.0,220,238,18,28,238,6758,178.5,238.0,297.5,119.0,0.5,True,True,0.75,3.9666666666666663,0.016666666666666666,3.9666666666666663,0.0,0.0,0.0,152.0
carpodacus_fringillidae_order,carpodacus_fringillidae,gpt-4o-demo,order,obscure,disputed,Carpodacus,Fringillidae,Passeriformes,6758.0,6020,6758,738,28,238,6758,5068.5,6758.0,8447.5,3379.0,0.5,True,True,0.75,112.63333333333333,0.016666666666666666,112.63333333333333,0.0,0.0,0.0,153.0
columba_columbidae_genus,columba_columbidae,gpt-4o-demo,genus,well_known,undisputed,Columba,Columbidae,Columbiformes,34.0,34,34,0,34,352,352,25.5,34.0,42.5,17.0,0.5,True,True,0.75,0.5666666666666667,0.016666666666666666,0.5666666666666667,0.0,0.0,0.0,154.0
columba_columbidae_family,columba_columbidae,gpt-4o-demo,family,well_known,disputed,Columba,Columbidae,Columbiformes,352.0,316,352,36,34,352,352,264.0,352.0,440.0,176.0,0.5,True,True,0.75,5.866666666666666,0.016666666666666666,5.866666666666666,0.0,0.0,0.0,155.0
columba_columbidae_order,columba_columbidae,gpt-4o-demo,order,well_known,disputed,Columba,Columbidae,Columbiformes,352.0,316,352,36,34,352,352,264.0,352.0,440.0,176.0,0.5,True,True,0.75,5.866666666666666,0.016666666666666666,5.866666666666666,0.0,0.0,0.0,156.0
claravis_columbidae_genus,claravis_columbidae,gpt-4o-demo,genus,obscure,undisputed,Claravis,Columbidae,Columbiformes,1.0,1,1,0,1,352,352,0.0,1.0,6.0,6.0,6.0,True,True,0.75,0.19999999999999996,0.19999999999999996,0.19999999999999996,0.0,0.0,0.0,157.0
claravis_columbidae_family,claravis_columbidae,gpt-4o-demo,family,obscure,disputed,Claravis,Columbidae,Columbiformes,352.0,316,352,36,1,352,352,264.0,352.0,440.0,176.0,0.5,True,True,0.75,5.866666666666666,0.016666666666666666,5.866666666666666,0.0,0.0,0.0,158.0
claravis_columbidae_order,claravis_columbidae,gpt-4o-demo,order,obscure,disputed,Claravis,Columbidae,Columbiformes,352.0,316,352,36,1,352,352,264.0,352.0,440.0,176.0,0.5,True,True,0.75,5.866666666666666,0.016666666666666666,5.866666666666666,0.0,0.0,0.0,159.0
falco_falconidae_genus,falco_falconidae,gpt-4o-demo,genus,well_known,disputed,Falco,Falconidae,Falconiformes,39.0,38,39,1,39,65,65,29.25,39.0,48.75,19.5,0.5,True,True,0.75,0.6499999999999999,0.016666666666666663,0.6499999999999999,0.0,0.0,0.0,160.0
falco_falconidae_family,falco_falconidae,gpt-4o-demo,family,well_known,disputed,Falco,Falconidae,Falconiformes,65.0,64,65,1,39,65,65,48.75,65.0,81.25,32.5,0.5,True,True,0.75,1.0833333333333333,0.016666666666666666,1.0833333333333333,0.0,0.0,0.0,161.0
falco_falconidae_order,falco_falconidae,gpt-4o-demo,order,well_known,disputed,Falco,Falconidae,Falconiformes,65.0,64,65,1,39,65,65,48.75,65.0,81.25,32.5,0.5,True,True,0.75,1.0833333333333333,0.016666666666666666,1.0833333333333333,0.0,0.0,0.0,162.0
microhierax_falconidae_genus,microhierax_falconidae,gpt-4o-demo,genus,obscure,undisputed,Microhierax,Falconidae,Falconiformes,5.0,5,5,0,5,65,65,0.0,5.0,10.0,10.0,2.0,True,True,0.75,0.3333333333333333,0.06666666666666667,0.3333333333333333,0.0,0.0,0.0,163.0
microhierax_falconidae_family,microhierax_falconidae,gpt-4o-demo,family,obscure,disputed,Microhierax,Falconidae,Falconiformes,65.0,64,65,1,5,65,65,48.75,65.0,81.25,32.5,0.5,True,True,0.75,1.0833333333333333,0.016666666666666666,1.0833333333333333,0.0,0.0,0.0,164.0
microhierax_falconidae_order,microhierax_falconidae,gpt-4o-demo,order,obscure,disputed,Microhierax,Falconidae,Falconiformes,65.0,64,65,1,5,65,65,48.75,65.0,81.25,32.5,0.5,True,True,0.75,1.0833333333333333,0.016666666666666666,1.0833333333333333,0.0,0.0,0.0,165.0
fratercula_alcidae_genus,fratercula_alcidae,gpt-4o-demo,genus,well_known,undisputed,Fratercula,Alcidae,Charadriiformes,3.0,3,3,0,3,25,394,0.0,3.0,8.0,8.0,2.6666666666666665,True,True,0.75,0.26666666666666666,0.08888888888888889,0.26666666666666666,0.0,0.0,0.0,166.0
fratercula_alcidae_family,fratercula_alcidae,gpt-4o-demo,family,well_known,undisputed,Fratercula,Alcidae,Charadriiformes,25.0,25,25,0,3,25,394,18.75,25.0,31.25,12.5,0.5,True,True,0.75,0.4166666666666667,0.016666666666666666,0.4166666666666667,0.0,0.0,0.0,167.0
fratercula_alcidae_order,fratercula_alcidae,gpt-4o-demo,order,well_known,disputed,Fratercula,Alcidae,Charadriiformes,394.0,374,394,20,3,25,394,295.5,394.0,492.5,197.0,0.5,True,True,0.75,6.566666666666666,0.016666666666666666,6.566666666666666,0.0,0.0,0.0,168.0
synthliboramphus_alcidae_genus,synthliboramphus_alcidae,gpt-4o-demo,genus,obscure,undisputed,Synthliboramphus,Alcidae,Charadriiformes,5.0,5,5,0,5,25,394,0.0,5.0,10.0,10.0,2.0,True,True,0.75,0.3333333333333333,0.06666666666666667,0.3333333333333333,0.0,0.0,0.0,169.0
synthliboramphus_alcidae_family,synthliboramphus_alcidae,gpt-4o-demo,family,obscure,undisputed,Synthliboramphus,Alcidae,Charadriiformes,25.0,25,25,0,5,25,394,18.75,25.0,31.25,12.5,0.5,True,True,0.75,0.4166666666666667,0.016666666666666666,0.4166666666666667,0.0,0.0,0.0,170.0
synthliboramphus_alcidae_order,synthliboramphus_alcidae,gpt-4o-demo,order,obscure,disputed,Synthliboramphus,Alcidae,Charadriiformes,394.0,374,394,20,5,25,394,295.5,394.0,492.5,197.0,0.5,True,True,0.75,6.566666666666666,0.016666666666666666,6.566666666666666,0.0,0.0,0.0,171.0
corvus_corvidae_genus,corvus_corvidae,gpt-4o-bad-demo,genus,well_known,disputed,Corvus,Corvidae,Passeriformes,50.0,41,50,9,50,138,6758,140.76,165.6,190.44,49.68000000000001,0.9936000000000001,False,False,0.75,51.17599999999999,1.0235199999999998,51.17599999999999,115.6,2.312,2.312,100.0
corvus_corvidae_family,corvus_corvidae,gpt-4o-bad-demo,family,well_known,disputed,Corvus,Corvidae,Passeriformes,138.0,123,138,15,50,138,6758,117.3,138.0,158.7,41.39999999999999,0.29999999999999993,True,True,0.75,1.3799999999999997,0.009999999999999998,1.3799999999999997,0.0,0.0,0.0,101.0
corvus_corvidae_order,corvus_corvidae,gpt-4o-bad-demo,order,well_known,disputed,Corvus,Corvidae,Passeriformes,6758.0,6020,6758,738,50,138,6758,5744.3,6758.0,7771.7,2027.3999999999996,0.29999999999999993,True,True,0.75,67.57999999999998,0.009999999999999998,67.57999999999998,0.0,0.0,0.0,102.0
nucifraga_corvidae_genus,nucifraga_corvidae,gpt-4o-bad-demo,genus,obscure,disputed,Nucifraga,Corvidae,Passeriformes,4.0,2,4,2,4,138,6758,140.76,165.6,190.44,49.68000000000001,12.420000000000002,False,False,0.75,74.176,18.544,74.176,161.6,40.4,40.4,103.0
nucifraga_corvidae_family,nucifraga_corvidae,gpt-4o-bad-demo,family,obscure,disputed,Nucifraga,Corvidae,Passeriformes,138.0,123,138,15,4,138,6758,117.3,138.0,158.7,41.39999999999999,0.29999999999999993,True,True,0.75,1.3799999999999997,0.009999999999999998,1.3799999999999997,0.0,0.0,0.0,104.0
nucifraga_corvidae_order,nucifraga_corvidae,gpt-4o-bad-demo,order,obscure,disputed,Nucifraga,Corvidae,Passeriformes,6758.0,6020,6758,738,4,138,6758,5744.3,6758.0,7771.7,2027.3999999999996,0.29999999999999993,True,True,0.75,67.57999999999998,0.009999999999999998,67.57999999999998,0.0,0.0,0.0,105.0
archilochus_trochilidae_genus,archilochus_trochilidae,gpt-4o-bad-demo,genus,well_known,undisputed,Archilochus,Trochilidae,Apodiformes,2.0,2,2,0,2,366,478,373.32,439.2,505.08,131.76,65.88,False,False,0.75,201.032,100.516,201.032,437.2,218.6,218.6,106.0
archilochus_trochilidae_family,archilochus_trochilidae,gpt-4o-bad-demo,family,well_known,disputed,Archilochus,Trochilidae,Apodiformes,366.0,335,366,31,2,366,478,311.1,366.0,420.9,109.79999999999995,0.2999999999999999,True,True,0.75,3.6599999999999984,0.009999999999999995,3.6599999999999984,0.0,0.0,0.0,107.0
archilochus_trochilidae_order,archilochus_trochilidae,gpt-4o-bad-demo,order,well_known,disputed,Archilochus,Trochilidae,Apodiformes,478.0,432,478,46,2,366,478,406.3,478.0,549.7,143.40000000000003,0.30000000000000004,True,True,0.75,4.78,0.01,4.78,0.0,0.0,0.0,108.0
chaetocercus_trochilidae_genus,chaetocercus_trochilidae,gpt-4o-bad-demo,genus,obscure,undisputed,Chaetocercus,Trochilidae,Apodiformes,6.0,6,6,0,6,366,478,373.32,439.2,505.08,131.76,21.959999999999997,False,False,0.75,199.032,33.172000000000004,199.032,433.2,72.2,72.2,109.0
chaetocercus_trochilidae_family,chaetocercus_trochilidae,gpt-4o-bad-demo,family,obscure,disputed,Chaetocercus,Trochilidae,Apodiformes,366.0,335,366,31,6,366,478,311.1,366.0,420.9,109.79999999999995,0.2999999999999999,True,True,0.75,3.6599999999999984,0.009999999999999995,3.6599999999999984,0.0,0.0,0.0,110.0
chaetocercus_trochilidae_order,chaetocercus_trochilidae,gpt-4o-bad-demo,order,obscure,disputed,Chaetocercus,Trochilidae,Apodiformes,478.0,432,478,46,6,366,478,406.3,478.0,549.7,143.40000000000003,0.30000000000000004,True,True,0.75,4.78,0.01,4.78,0.0,0.0,0.0,111.0
amazona_psittacidae_genus,amazona_psittacidae,gpt-4o-bad-demo,genus,well_known,disputed,Amazona,Psittacidae,Psittaciformes,32.0,30,32,2,32,181,409,184.62,217.2,249.77999999999997,65.15999999999997,2.036249999999999,False,False,0.75,83.91199999999999,2.6222499999999997,83.91199999999999,185.2,5.7875,5.7875,112.0
amazona_psittacidae_family,amazona_psittacidae,gpt-4o-bad-demo,family,well_known,disputed,Amazona,Psittacidae,Psittaciformes,181.0,167,181,14,32,181,409,153.85,181.0,208.15,54.30000000000001,0.30000000000000004,True,True,0.75,1.8100000000000003,0.010000000000000002,1.8100000000000003,0.0,0.0,0.0,113.0
amazona_psittacidae_order,amazona_psittacidae,gpt-4o-bad-demo,order,well_known,disputed,Amazona,Psittacidae,Psittaciformes,409.0,379,409,30,32,181,409,347.65,409.0,470.35,122.70000000000005,0.3000000000000001,True,True,0.75,4.090000000000001,0.010000000000000002,4.090000000000001,0.0,0.0,0.0,114.0
bolborhynchus_psittacidae_genus,bolborhynchus_psittacidae,gpt-4o-bad-demo,genus,obscure,undisputed,Bolborhynchus,Psittacidae,Psittaciformes,3.0,3,3,0,3,181,409,184.62,217.2,249.77999999999997,65.15999999999997,21.719999999999988,False,False,0.75,98.41199999999999,32.803999999999995,98.41199999999999,214.2,71.39999999999999,71.39999999999999,115.0
bolborhynchus_psittacidae_family,bolborhynchus_psittacidae,gpt-4o-bad-demo,family,obscure,disputed,Bolborhynchus,Psittacidae,Psittaciformes,181.0,167,181,14,3,181,409,153.85,181.0,208.15,54.30000000000001,0.30000000000000004,True,True,0.75,1.8100000000000003,0.010000000000000002,1.8100000000000003,0.0,0.0,0.0,116.0
bolborhynchus_psittacidae_order,bolborhynchus_psittacidae,gpt-4o-bad-demo,order,obscure,disputed,Bolborhynchus,Psittacidae,Psittaciformes,409.0,379,409,30,3,181,409,347.65,409.0,470.35,122.70000000000005,0.3000000000000001,True,True,0.75,4.090000000000001,0.010000000000000002,4.090000000000001,0.0,0.0,0.0,117.0
bubo_strigidae_genus,bubo_strigidae,gpt-4o-bad-demo,genus,well_known,disputed,Bubo,Strigidae,Strigiformes,12.0,7,12,5,12,236,256,240.72,283.2,325.68,84.96000000000001,7.080000000000001,False,False,0.75,124.27199999999999,10.356,124.27199999999999,271.2,22.599999999999998,22.599999999999998,118.0
bubo_strigidae_family,bubo_strigidae,gpt-4o-bad-demo,family,well_known,disputed,Bubo,Strigidae,Strigiformes,236.0,196,236,40,12,236,256,200.6,236.0,271.4,70.79999999999998,0.29999999999999993,False,True,0.75,2.3599999999999994,0.009999999999999997,2.3599999999999994,0.0,0.0,0.0,119.0
bubo_strigidae_order,bubo_strigidae,gpt-4o-bad-demo,order,well_known,disputed,Bubo,Strigidae,Strigiformes,256.0,214,256,42,12,236,256,217.6,256.0,294.4,76.79999999999998,0.29999999999999993,False,True,0.75,2.559999999999999,0.009999999999999997,2.559999999999999,0.0,0.0,0.0,120.0
xenoglaux_strigidae_genus,xenoglaux_strigidae,gpt-4o-bad-demo,genus,obscure,undisputed,Xenoglaux,Strigidae,Strigiformes,1.0,1,1,0,1,236,256,240.72,283.2,325.68,84.96000000000001,84.96000000000001,False,False,0.75,129.772,129.772,129.772,282.2,282.2,282.2,121.0
xenoglaux_strigidae_family,xenoglaux_strigidae,gpt-4o-bad-demo,family,obscure,disputed,Xenoglaux,Strigidae,Strigiformes,236.0,196,236,40,1,236,256,200.6,236.0,271.4,70.79999999999998,0.29999999999999993,False,True,0.75,2.3599999999999994,0.009999999999999997,2.3599999999999994,0.0,0.0,0.0,122.0
xenoglaux_strigidae_order,xenoglaux_strigidae,gpt-4o-bad-demo,order,obscure,disputed,Xenoglaux,Strigidae,Strigiformes,256.0,214,256,42,1,236,256,217.6,256.0,294.4,76.79999999999998,0.29999999999999993,False,True,0.75,2.559999999999999,0.009999999999999997,2.559999999999999,0.0,0.0,0.0,123.0
ramphastos_ramphastidae_genus,ramphastos_ramphastidae,gpt-4o-bad-demo,genus,well_known,disputed,Ramphastos,Ramphastidae,Piciformes,8.0,7,8,1,8,38,444,38.760000000000005,45.6,52.44,13.679999999999993,1.709999999999999,False,False,0.75,16.976000000000003,2.1220000000000003,16.976000000000003,37.6,4.7,4.7,124.0
ramphastos_ramphastidae_family,ramphastos_ramphastidae,gpt-4o-bad-demo,family,well_known,disputed,Ramphastos,Ramphastidae,Piciformes,38.0,34,38,4,8,38,444,32.3,38.0,43.7,11.400000000000006,0.30000000000000016,True,True,0.75,0.38000000000000017,0.010000000000000004,0.38000000000000017,0.0,0.0,0.0,125.0
ramphastos_ramphastidae_order,ramphastos_ramphastidae,gpt-4o-bad-demo,order,well_known,disputed,Ramphastos,Ramphastidae,Piciformes,444.0,406,444,38,8,38,444,377.4,444.0,510.6,133.20000000000005,0.3000000000000001,True,True,0.75,4.440000000000001,0.010000000000000004,4.440000000000001,0.0,0.0,0.0,126.0
selenidera_ramphastidae_genus,selenidera_ramphastidae,gpt-4o-bad-demo,genus,obscure,undisputed,Selenidera,Ramphastidae,Piciformes,6.0,6,6,0,6,38,444,38.760000000000005,45.6,52.44,13.679999999999993,2.279999999999999,False,False,0.75,17.976000000000003,2.9960000000000004,17.976000000000003,39.6,6.6000000000000005,6.6000000000000005,127.0
selenidera_ramphastidae_family,selenidera_ramphastidae,gpt-4o-bad-demo,family,obscure,disputed,Selenidera,Ramphastidae,Piciformes,38.0,34,38,4,6,38,444,32.3,38.0,43.7,11.400000000000006,0.30000000000000016,True,True,0.75,0.38000000000000017,0.010000000000000004,0.38000000000000017,0.0,0.0,0.0,128.0
selenidera_ramphastidae_order,selenidera_ramphastidae,gpt-4o-bad-demo,order,obscure,disputed,Selenidera,Ramphastidae,Piciformes,444.0,406,444,38,6,38,444,377.4,444.0,510.6,133.20000000000005,0.3000000000000001,True,True,0.75,4.440000000000001,0.010000000000000004,4.440000000000001,0.0,0.0,0.0,129.0
pitta_pittidae_genus,pitta_pittidae,gpt-4o-bad-demo,genus,well_known,disputed,Pitta,Pittidae,Passeriformes,20.0,13,20,7,20,46,6758,46.919999999999995,55.199999999999996,63.48,16.560000000000002,0.8280000000000001,False,False,0.75,15.391999999999996,0.7695999999999998,15.391999999999996,35.199999999999996,1.7599999999999998,1.7599999999999998,130.0
pitta_pittidae_family,pitta_pittidae,gpt-4o-bad-demo,family,well_known,disputed,Pitta,Pittidae,Passeriformes,46.0,29,46,17,20,46,6758,39.1,46.0,52.9,13.799999999999997,0.29999999999999993,False,True,0.75,0.4599999999999999,0.009999999999999998,0.4599999999999999,0.0,0.0,0.0,131.0
pitta_pittidae_order,pitta_pittidae,gpt-4o-bad-demo,order,well_known,disputed,Pitta,Pittidae,Passeriformes,6758.0,6020,6758,738,20,46,6758,5744.3,6758.0,7771.7,2027.3999999999996,0.29999999999999993,True,True,0.75,67.57999999999998,0.009999999999999998,67.57999999999998,0.0,0.0,0.0,132.0
erythropitta_pittidae_genus,erythropitta_pittidae,gpt-4o-bad-demo,genus,obscure,disputed,Erythropitta,Pittidae,Passeriformes,13.0,5,13,8,13,46,6758,46.919999999999995,55.199999999999996,63.48,16.560000000000002,1.273846153846154,False,False,0.75,18.891999999999996,1.4532307692307689,18.891999999999996,42.199999999999996,3.2461538461538457,3.2461538461538457,133.0
erythropitta_pittidae_family,erythropitta_pittidae,gpt-4o-bad-demo,family,obscure,disputed,Erythropitta,Pittidae,Passeriformes,46.0,29,46,17,13,46,6758,39.1,46.0,52.9,13.799999999999997,0.29999999999999993,False,True,0.75,0.4599999999999999,0.009999999999999998,0.4599999999999999,0.0,0.0,0.0,134.0
erythropitta_pittidae_order,erythropitta_pittidae,gpt-4o-bad-demo,order,obscure,disputed,Erythropitta,Pittidae,Passeriformes,6758.0,6020,6758,738,13,46,6758,5744.3,6758.0,7771.7,2027.3999999999996,0.29999999999999993,True,True,0.75,67.57999999999998,0.009999999999999998,67.57999999999998,0.0,0.0,0.0,135.0
accipiter_accipitridae_genus,accipiter_accipitridae,gpt-4o-bad-demo,genus,well_known,disputed,Accipiter,Accipitridae,Accipitriformes,9.0,6,9,3,9,254,263,259.08000000000004,304.8,350.52,91.43999999999994,10.159999999999993,False,False,0.75,135.708,15.078666666666667,135.708,295.8,32.86666666666667,32.86666666666667,136.0
accipiter_accipitridae_family,accipiter_accipitridae,gpt-4o-bad-demo,family,well_known,disputed,Accipiter,Accipitridae,Accipitriformes,254.0,241,254,13,9,254,263,215.9,254.0,292.1,76.20000000000002,0.30000000000000004,True,True,0.75,2.5400000000000005,0.010000000000000002,2.5400000000000005,0.0,0.0,0.0,137.0
accipiter_accipitridae_order,accipiter_accipitridae,gpt-4o-bad-demo,order,well_known,disputed,Accipiter,Accipitridae,Accipitriformes,263.0,250,263,13,9,254,263,223.55,263.0,302.45,78.89999999999998,0.29999999999999993,True,True,0.75,2.629999999999999,0.009999999999999997,2.629999999999999,0.0,0.0,0.0,138.0
urotriorchis_accipitridae_genus,urotriorchis_accipitridae,gpt-4o-bad-demo,genus,obscure,undisputed,Urotriorchis,Accipitridae,Accipitriformes,1.0,1,1,0,1,254,263,259.08000000000004,304.8,350.52,91.43999999999994,91.43999999999994,False,False,0.75,139.708,139.708,139.708,303.8,303.8,303.8,139.0
urotriorchis_accipitridae_family,urotriorchis_accipitridae,gpt-4o-bad-demo,family,obscure,disputed,Urotriorchis,Accipitridae,Accipitriformes,254.0,241,254,13,1,254,263,215.9,254.0,292.1,76.20000000000002,0.30000000000000004,True,True,0.75,2.5400000000000005,0.010000000000000002,2.5400000000000005,0.0,0.0,0.0,140.0
urotriorchis_accipitridae_order,urotriorchis_accipitridae,gpt-4o-bad-demo,order,obscure,disputed,Urotriorchis,Accipitridae,Accipitriformes,263.0,250,263,13,1,254,263,223.55,263.0,302.45,78.89999999999998,0.29999999999999993,True,True,0.75,2.629999999999999,0.009999999999999997,2.629999999999999,0.0,0.0,0.0,141.0
anas_anatidae_genus,anas_anatidae,gpt-4o-bad-demo,genus,well_known,disputed,Anas,Anatidae,Anseriformes,32.0,26,32,6,32,174,178,177.48,208.79999999999998,240.11999999999998,62.639999999999986,1.9574999999999996,False,False,0.75,80.04799999999999,2.5014999999999996,80.04799999999999,176.79999999999998,5.5249999999999995,5.5249999999999995,142.0
anas_anatidae_family,anas_anatidae,gpt-4o-bad-demo,family,well_known,disputed,Anas,Anatidae,Anseriformes,174.0,162,174,12,32,174,178,147.9,174.0,200.1,52.19999999999999,0.29999999999999993,True,True,0.75,1.7399999999999995,0.009999999999999997,1.7399999999999995,0.0,0.0,0.0,143.0
anas_anatidae_order,anas_anatidae,gpt-4o-bad-demo,order,well_known,disputed,Anas,Anatidae,Anseriformes,178.0,166,178,12,32,174,178,151.3,178.0,204.7,53.39999999999998,0.2999999999999999,True,True,0.75,1.7799999999999991,0.009999999999999995,1.7799999999999991,0.0,0.0,0.0,144.0
sarkidiornis_anatidae_genus,sarkidiornis_anatidae,gpt-4o-bad-demo,genus,obscure,disputed,Sarkidiornis,Anatidae,Anseriformes,2.0,1,2,1,2,174,178,177.48,208.79999999999998,240.11999999999998,62.639999999999986,31.319999999999993,False,False,0.75,95.048,47.524,95.048,206.79999999999998,103.39999999999999,103.39999999999999,145.0
sarkidiornis_anatidae_family,sarkidiornis_anatidae,gpt-4o-bad-demo,family,obscure,disputed,Sarkidiornis,Anatidae,Anseriformes,174.0,162,174,12,2,174,178,147.9,174.0,200.1,52.19999999999999,0.29999999999999993,True,True,0.75,1.7399999999999995,0.009999999999999997,1.7399999999999995,0.0,0.0,0.0,146.0
sarkidiornis_anatidae_order,sarkidiornis_anatidae,gpt-4o-bad-demo,order,obscure,disputed,Sarkidiornis,Anatidae,Anseriformes,178.0,166,178,12,2,174,178,151.3,178.0,204.7,53.39999999999998,0.2999999999999999,True,True,0.75,1.7799999999999991,0.009999999999999995,1.7799999999999991,0.0,0.0,0.0,147.0
fringilla_fringillidae_genus,fringilla_fringillidae,gpt-4o-bad-demo,genus,well_known,disputed,Fringilla,Fringillidae,Passeriformes,8.0,3,8,5,8,238,6758,242.75999999999996,285.59999999999997,328.43999999999994,85.67999999999998,10.709999999999997,False,False,0.75,127.37599999999998,15.921999999999997,127.37599999999998,277.59999999999997,34.699999999999996,34.699999999999996,148.0
fringilla_fringillidae_family,fringilla_fringillidae,gpt-4o-bad-demo,family,well_known,disputed,Fringilla,Fringillidae,Passeriformes,238.0,220,238,18,8,238,6758,202.3,238.0,273.7,71.39999999999998,0.2999999999999999,True,True,0.75,2.379999999999999,0.009999999999999995,2.379999999999999,0.0,0.0,0.0,149.0
fringilla_fringillidae_order,fringilla_fringillidae,gpt-4o-bad-demo,order,well_known,disputed,Fringilla,Fringillidae,Passeriformes,6758.0,6020,6758,738,8,238,6758,5744.3,6758.0,7771.7,2027.3999999999996,0.29999999999999993,True,True,0.75,67.57999999999998,0.009999999999999998,67.57999999999998,0.0,0.0,0.0,150.0
carpodacus_fringillidae_genus,carpodacus_fringillidae,gpt-4o-bad-demo,genus,obscure,disputed,Carpodacus,Fringillidae,Passeriformes,28.0,26,28,2,28,238,6758,242.75999999999996,285.59999999999997,328.43999999999994,85.67999999999998,3.059999999999999,False,False,0.75,117.37599999999998,4.191999999999999,117.37599999999998,257.59999999999997,9.2,9.2,151.0
carpodacus_fringillidae_family,carpodacus_fringillidae,gpt-4o-bad-demo,family,obscure,disputed,Carpodacus,Fringillidae,Passeriformes,238.0,220,238,18,28,238,6758,202.3,238.0,273.7,71.39999999999998,0.2999999999999999,True,True,0.75,2.379999999999999,0.009999999999999995,2.379999999999999,0.0,0.0,0.0,152.0
carpodacus_fringillidae_order,carpodacus_fringillidae,gpt-4o-bad-demo,order,obscure,disputed,Carpodacus,Fringillidae,Passeriformes,6758.0,6020,6758,738,28,238,6758,5744.3,6758.0,7771.7,2027.3999999999996,0.29999999999999993,True,True,0.75,67.57999999999998,0.009999999999999998,67.57999999999998,0.0,0.0,0.0,153.0
columba_columbidae_genus,columba_columbidae,gpt-4o-bad-demo,genus,well_known,undisputed,Columba,Columbidae,Columbiformes,34.0,34,34,0,34,352,352,359.03999999999996,422.4,485.76,126.72000000000003,3.7270588235294126,False,False,0.75,177.304,5.214823529411765,177.304,388.4,11.423529411764704,11.423529411764704,154.0
columba_columbidae_family,columba_columbidae,gpt-4o-bad-demo,family,well_known,disputed,Columba,Columbidae,Columbiformes,352.0,316,352,36,34,352,352,299.2,352.0,404.8,105.60000000000002,0.30000000000000004,True,True,0.75,3.520000000000001,0.010000000000000002,3.520000000000001,0.0,0.0,0.0,155.0
columba_columbidae_order,columba_columbidae,gpt-4o-bad-demo,order,well_known,disputed,Columba,Columbidae,Columbiformes,352.0,316,352,36,34,352,352,299.2,352.0,404.8,105.60000000000002,0.30000000000000004,True,True,0.75,3.520000000000001,0.010000000000000002,3.520000000000001,0.0,0.0,0.0,156.0
claravis_columbidae_genus,claravis_columbidae,gpt-4o-bad-demo,genus,obscure,undisputed,Claravis,Columbidae,Columbiformes,1.0,1,1,0,1,352,352,359.03999999999996,422.4,485.76,126.72000000000003,126.72000000000003,False,False,0.75,193.80399999999997,193.80399999999997,193.80399999999997,421.4,421.4,421.4,157.0
claravis_columbidae_family,claravis_columbidae,gpt-4o-bad-demo,family,obscure,disputed,Claravis,Columbidae,Columbiformes,352.0,316,352,36,1,352,352,299.2,352.0,404.8,105.60000000000002,0.30000000000000004,True,True,0.75,3.520000000000001,0.010000000000000002,3.520000000000001,0.0,0.0,0.0,158.0
claravis_columbidae_order,claravis_columbidae,gpt-4o-bad-demo,order,obscure,disputed,Claravis,Columbidae,Columbiformes,352.0,316,352,36,1,352,352,299.2,352.0,404.8,105.60000000000002,0.30000000000000004,True,True,0.75,3.520000000000001,0.010000000000000002,3.520000000000001,0.0,0.0,0.0,159.0
falco_falconidae_genus,falco_falconidae,gpt-4o-bad-demo,genus,well_known,disputed,Falco,Falconidae,Falconiformes,39.0,38,39,1,39,65,65,66.3,78.0,89.7,23.400000000000006,0.6000000000000002,False,False,0.75,16.38,0.42,16.38,39.0,1.0,1.0,160.0
falco_falconidae_family,falco_falconidae,gpt-4o-bad-demo,family,well_known,disputed,Falco,Falconidae,Falconiformes,65.0,64,65,1,39,65,65,55.25,65.0,74.75,19.5,0.3,True,True,0.75,0.6499999999999999,0.009999999999999998,0.6499999999999999,0.0,0.0,0.0,161.0
falco_falconidae_order,falco_falconidae,gpt-4o-bad-demo,order,well_known,disputed,Falco,Falconidae,Falconiformes,65.0,64,65,1,39,65,65,55.25,65.0,74.75,19.5,0.3,True,True,0.75,0.6499999999999999,0.009999999999999998,0.6499999999999999,0.0,0.0,0.0,162.0
microhierax_falconidae_genus,microhierax_falconidae,gpt-4o-bad-demo,genus,obscure,undisputed,Microhierax,Falconidae,Falconiformes,5.0,5,5,0,5,65,65,66.3,78.0,89.7,23.400000000000006,4.6800000000000015,False,False,0.75,33.38,6.676,33.38,73.0,14.6,14.6,163.0
microhierax_falconidae_family,microhierax_falconidae,gpt-4o-bad-demo,family,obscure,disputed,Microhierax,Falconidae,Falconiformes,65.0,64,65,1,5,65,65,55.25,65.0,74.75,19.5,0.3,True,True,0.75,0.6499999999999999,0.009999999999999998,0.6499999999999999,0.0,0.0,0.0,164.0
microhierax_falconidae_order,microhierax_falconidae,gpt-4o-bad-demo,order,obscure,disputed,Microhierax,Falconidae,Falconiformes,65.0,64,65,1,5,65,65,55.25,65.0,74.75,19.5,0.3,True,True,0.75,0.6499999999999999,0.009999999999999998,0.6499999999999999,0.0,0.0,0.0,165.0
fratercula_alcidae_genus,fratercula_alcidae,gpt-4o-bad-demo,genus,well_known,undisputed,Fratercula,Alcidae,Charadriiformes,3.0,3,3,0,3,25,394,25.5,30.0,34.5,9.0,3.0,False,False,0.75,12.299999999999999,4.1,12.299999999999999,27.0,9.0,9.0,166.0
fratercula_alcidae_family,fratercula_alcidae,gpt-4o-bad-demo,family,well_known,undisputed,Fratercula,Alcidae,Charadriiformes,25.0,25,25,0,3,25,394,21.25,25.0,28.75,7.5,0.3,True,True,0.75,0.24999999999999997,0.009999999999999998,0.24999999999999997,0.0,0.0,0.0,167.0
fratercula_alcidae_order,fratercula_alcidae,gpt-4o-bad-demo,order,well_known,disputed,Fratercula,Alcidae,Charadriiformes,394.0,374,394,20,3,25,394,334.9,394.0,453.1,118.20000000000005,0.3000000000000001,True,True,0.75,3.9400000000000013,0.010000000000000004,3.9400000000000013,0.0,0.0,0.0,168.0
synthliboramphus_alcidae_genus,synthliboramphus_alcidae,gpt-4o-bad-demo,genus,obscure,undisputed,Synthliboramphus,Alcidae,Charadriiformes,5.0,5,5,0,5,25,394,25.5,30.0,34.5,9.0,1.8,False,False,0.75,11.299999999999999,2.26,11.299999999999999,25.0,5.0,5.0,169.0
synthliboramphus_alcidae_family,synthliboramphus_alcidae,gpt-4o-bad-demo,family,obscure,undisputed,Synthliboramphus,Alcidae,Charadriiformes,25.0,25,25,0,5,25,394,21.25,25.0,28.75,7.5,0.3,True,True,0.75,0.24999999999999997,0.009999999999999998,0.24999999999999997,0.0,0.0,0.0,170.0
synthliboramphus_alcidae_order,synthliboramphus_alcidae,gpt-4o-bad-demo,order,obscure,disputed,Synthliboramphus,Alcidae,Charadriiformes,394.0,374,394,20,5,25,394,334.9,394.0,453.1,118.20000000000005,0.3000000000000001,True,True,0.75,3.9400000000000013,0.010000000000000004,3.9400000000000013,0.0,0.0,0.0,171.0
